seed,model,auc,auc_se_delong,average_precision,prevalence,brier_skill,ece,n
1,oracle,0.872969,0.004808,0.532403,0.130510,NaN,NaN,10367
1,prevalence,0.499475,0.008268,0.131282,0.130510,-0.006019,0.025990,10367
1,best_single,0.861329,0.004960,0.502940,0.130510,0.231386,0.035240,10367
1,logistic,0.856956,0.005022,0.485031,0.130510,0.223313,0.030636,10367
1,knn,0.793042,0.006695,0.384052,0.130510,0.157407,0.033572,10367
1,shuffled_control,0.574635,0.008422,0.196599,0.130510,0.001845,0.033207,10367
1,logistic_randomcv,0.868759,0.004778,0.510620,0.130510,0.250457,0.027516,10367
1,knn_randomcv,0.906406,0.003530,0.565983,0.130510,0.317555,0.027317,10367
1,logistic_centered,0.863967,0.005049,0.541278,0.130510,0.255960,0.033120,10367
1,knn_centered,0.819857,0.006415,0.475603,0.130510,0.217913,0.036651,10367
2,oracle,0.842611,0.006105,0.531878,0.124602,NaN,NaN,10369
2,prevalence,0.492564,0.008257,0.122341,0.124602,-0.003137,0.023787,10369
2,best_single,0.818387,0.006814,0.479401,0.124602,0.221848,0.018116,10369
2,logistic,0.819189,0.006697,0.480894,0.124602,0.222455,0.016245,10369
2,knn,0.752444,0.007798,0.385374,0.124602,0.140976,0.037550,10369
2,shuffled_control,0.554306,0.008655,0.146296,0.124602,-0.000405,0.021452,10369
2,logistic_randomcv,0.832676,0.006297,0.500004,0.124602,0.240894,0.008168,10369
2,knn_randomcv,0.882576,0.004679,0.560832,0.124602,0.306201,0.014401,10369
2,logistic_centered,0.819922,0.006980,0.518743,0.124602,0.247770,0.015510,10369
2,knn_centered,0.778204,0.007562,0.456783,0.124602,0.205141,0.032038,10369
3,oracle,0.824850,0.006282,0.495827,0.135383,NaN,NaN,10341
3,prevalence,0.523136,0.008064,0.142642,0.135383,-0.003929,0.025013,10341
3,best_single,0.812671,0.006477,0.476562,0.135383,0.202219,0.025403,10341
3,logistic,0.812128,0.006535,0.473867,0.135383,0.200951,0.029459,10341
3,knn,0.782141,0.006841,0.404269,0.135383,0.150351,0.038337,10341
3,shuffled_control,0.426338,0.008055,0.112228,0.135383,-0.012886,0.040626,10341
3,logistic_randomcv,0.814617,0.006585,0.481778,0.135383,0.215361,0.015766,10341
3,knn_randomcv,0.886278,0.004199,0.546215,0.135383,0.298709,0.015403,10341
3,logistic_centered,0.822897,0.006432,0.516582,0.135383,0.234974,0.027119,10341
3,knn_centered,0.789138,0.006916,0.474543,0.135383,0.202401,0.038298,10341
4,oracle,0.838486,0.005883,0.550731,0.142025,NaN,NaN,10301
4,prevalence,0.504076,0.007891,0.143370,0.142025,-0.005212,0.025510,10301
4,best_single,0.812645,0.006416,0.503341,0.142025,0.223904,0.026626,10301
4,logistic,0.811685,0.006302,0.501448,0.142025,0.217839,0.019050,10301
4,knn,0.754834,0.007355,0.396900,0.142025,0.143492,0.036082,10301
4,shuffled_control,0.502621,0.007848,0.141521,0.142025,-0.005855,0.026625,10301
4,logistic_randomcv,0.816751,0.006271,0.513212,0.142025,0.230937,0.016097,10301
4,knn_randomcv,0.894066,0.004066,0.605166,0.142025,0.333315,0.021784,10301
4,logistic_centered,0.821088,0.006312,0.554292,0.142025,0.257793,0.019905,10301
4,knn_centered,0.773719,0.007291,0.481420,0.142025,0.206953,0.032339,10301
5,oracle,0.834148,0.005965,0.418299,0.121001,NaN,NaN,10347
5,prevalence,0.505069,0.008666,0.125674,0.121001,-0.000826,0.022724,10347
5,best_single,0.814906,0.006634,0.404586,0.121001,0.185499,0.011550,10347
5,logistic,0.810396,0.006474,0.372276,0.121001,0.161277,0.015653,10347
5,knn,0.740126,0.007651,0.286257,0.121001,0.066015,0.046491,10347
5,shuffled_control,0.577721,0.009037,0.173488,0.121001,0.004292,0.017543,10347
5,logistic_randomcv,0.820051,0.006338,0.421389,0.121001,0.191181,0.008512,10347
5,knn_randomcv,0.879765,0.004697,0.533424,0.121001,0.282765,0.021463,10347
5,logistic_centered,0.818664,0.006602,0.446408,0.121001,0.202255,0.017321,10347
5,knn_centered,0.755819,0.007779,0.404611,0.121001,0.157082,0.031967,10347
