log10_kappa,loss_cgs,loss_mgs,loss_cgs2,loss_householder,backward_error_cgs,backward_error_mgs,backward_error_cgs2,backward_error_householder
1,2.70886e-15,1.67477e-15,7.17796e-16,2.20063e-15,1.3697e-16,1.55151e-16,1.37912e-16,1.54626e-15
2,7.27304e-14,6.43165e-15,8.44047e-16,1.99322e-15,1.19238e-16,1.30297e-16,1.33056e-16,1.00976e-15
3,1.16973e-11,4.09676e-14,9.1053e-16,2.0323e-15,1.27622e-16,1.32697e-16,1.39231e-16,1.41864e-15
4,1.97422e-09,4.73521e-13,9.34937e-16,2.17571e-15,1.12284e-16,1.10292e-16,1.22905e-16,1.31118e-15
5,2.15784e-07,4.06299e-12,9.08795e-16,2.22158e-15,1.04516e-16,9.74019e-17,1.12055e-16,8.20726e-16
6,5.92071e-06,2.70905e-11,9.05617e-16,1.95464e-15,1.05939e-16,1.00776e-16,1.13489e-16,9.48977e-16
7,0.0048257,2.02296e-10,1.12937e-15,1.8846e-15,9.76255e-17,9.85981e-17,1.13692e-16,6.78989e-16
8,0.276286,2.38642e-09,9.1107e-16,2.54801e-15,9.93207e-17,8.68622e-17,1.03019e-16,1.13608e-15
9,3.14976,2.28538e-08,9.35131e-16,2.2556e-15,1.14075e-16,9.61933e-17,1.1053e-16,7.37012e-16
10,6.5358,1.8688e-07,9.2682e-16,2.22392e-15,1.03034e-16,8.38809e-17,1.03811e-16,6.8779e-16
11,7.81295,1.91269e-06,9.1919e-16,2.32292e-15,7.69925e-17,8.03086e-17,1.11898e-16,1.19526e-15
12,10.0183,2.68935e-05,9.09161e-16,2.15928e-15,9.90316e-17,9.52604e-17,9.90162e-17,4.74384e-16
13,11.8486,0.000117645,9.06899e-16,2.11358e-15,9.34751e-17,8.53314e-17,9.79169e-17,6.03425e-16
14,12.3956,0.00190872,9.48505e-16,2.15181e-15,9.20244e-17,8.50697e-17,1.14527e-16,7.81534e-16
15,14.3782,0.016462,9.15372e-16,2.40604e-15,9.68188e-17,9.62473e-17,9.79956e-17,1.26269e-15
