alpha,q,fro_ratio_mean,fro_ratio_max,spec_ratio_mean,spec_ratio_max
0.25,0,1.069089,1.071391,1.673827,1.756754
0.25,1,1.020227,1.022265,1.130688,1.182423
0.25,2,1.006305,1.007440,1.060247,1.094713
0.25,3,1.002568,1.002982,1.036651,1.056870
0.5,0,1.173199,1.186630,1.919815,2.112807
0.5,1,1.015277,1.016847,1.069625,1.099382
0.5,2,1.003100,1.004053,1.016286,1.042184
0.5,3,1.001049,1.001556,1.005488,1.017326
1,0,1.326163,1.362474,1.806930,1.998154
1,1,1.008415,1.010420,1.011474,1.030725
1,2,1.000868,1.001284,1.000528,1.002062
1,3,1.000140,1.000378,1.000019,1.000062
2,0,1.350117,1.429749,1.478224,1.825099
2,1,1.001255,1.002147,1.000119,1.000608
2,2,1.000029,1.000069,1.000000,1.000000
2,3,1.000001,1.000005,1.000000,1.000000
